Gérard Gibbs,96,Gérard@mail.com
Elsie Underwood,2,Elsie@mail.com
Milton Hahn,71,Milton@mail.com
Zayne Glenn,70,Zayne@mail.com
Sallie Osborne,93,Sallie@mail.com
Adem Camacho,14,Adem@mail.com
Amira Humphreys,11,Amira@mail.com
Jakub Tillman,1,Jakub@mail.com
Sama Mcintosh,86,Sama@mail.com
Nora Donaldson,24,Nora@mail.com
Curtis Contreras,81,Curtis@mail.com
Alessandra Huang,74,Alessandra@mail.com
Erik Doyle,5,Erik@mail.com
Avneet Marin,5,Avneet@mail.com
Jaxson Blake,61,Jaxson@mail.com
Benn Phelps,82,Benn@mail.com
Keiren Ward,11,Keiren@mail.com
Christos Sanderson,25,Christos@mail.com
Jada Knight,4,Jada@mail.com
AmeliaMae Bryan,56,AmeliaMae@mail.com
Kirsten Mueller,23,Kirsten@mail.com
Lauryn Hayden,78,Lauryn@mail.com
Rhia Simon,24,Rhia@mail.com
Maddy Sutton,31,Maddy@mail.com
Dani Greig,94,Dani@mail.com
Luc Conley,91,Luc@mail.com
Harmony Pitt,37,Harmony@mail.com
Gina Velazquez,9,Gina@mail.com
Evelyn Becker,57,Evelyn@mail.com
Malcolm Mckay,73,Malcolm@mail.com
Owain Klein,30,Owain@mail.com
Otto Hackett,52,Otto@mail.com
Havin Best,29,Havin@mail.com
Ainsley Reid,34,Ainsley@mail.com
Malaki Hatfield,18,Malaki@mail.com
Dayna Dawe,63,Dayna@mail.com
Cienna Hyde,97,Cienna@mail.com
Sally Byrne,24,Sally@mail.com
Zoya Ritter,52,Zoya@mail.com
Kaia Bates,19,Kaia@mail.com
Eren Ellwood,12,Eren@mail.com
Kate Burrows,77,Kate@mail.com
Adeel Zimmerman,64,Adeel@mail.com
Asiya Rudd,60,Asiya@mail.com
Jemima Singleton,85,Jemima@mail.com
Bryony Strickland,20,Bryony@mail.com
Leja Mejia,42,Leja@mail.com
Rocco Seymour,22,Rocco@mail.com
Aimee Herring,16,Aimee@mail.com
Gabriel Russell,11,Gabriel@mail.com
Marcie Sheldon,18,Marcie@mail.com
Randall Serrano,79,Randall@mail.com
Nikkita Portillo,95,Nikkita@mail.com
Phillip Bolton,63,Phillip@mail.com
Wilf Walters,31,Wilf@mail.com
Nadeem Lam,92,Nadeem@mail.com
Ifrah Novak,50,Ifrah@mail.com
Musa Massey,40,Musa@mail.com
Raul Preston,48,Raul@mail.com
Elwood Espinoza,53,Elwood@mail.com
Maurice Booker,39,Maurice@mail.com
Jimmy Gross,97,Jimmy@mail.com
Ayesha Chadwick,32,Ayesha@mail.com
Ravi Navarro,5,Ravi@mail.com
Fatma French,29,Fatma@mail.com
Ariana Bradley,97,Ariana@mail.com
Kaiden Reeves,73,Kaiden@mail.com
Arwa Diaz,45,Arwa@mail.com
Jeffrey Houston,30,Jeffrey@mail.com
Ewan Mann,54,Ewan@mail.com
Abdulahi Leigh,17,Abdulahi@mail.com
Kierran Fields,48,Kierran@mail.com
Clement Benitez,36,Clement@mail.com
Frazer Lott,13,Frazer@mail.com
Nicolle Wilde,4,Nicolle@mail.com
Krystian Dale,52,Krystian@mail.com
Darnell Allman,58,Darnell@mail.com
Bradleigh Blair,100,Bradleigh@mail.com
Simra Clifford,58,Simra@mail.com
Vicki Nguyen,83,Vicki@mail.com
Noah Person,44,Noah@mail.com
Matias Franco,16,Matias@mail.com
Ashraf Read,74,Ashraf@mail.com
Nick Devlin,82,Nick@mail.com
Juanita Butt,35,Juanita@mail.com
Usama Ellison,5,Usama@mail.com
Gianluca Burke,83,Gianluca@mail.com
Kunal Gould,83,Kunal@mail.com
Asif Davenport,2,Asif@mail.com
Loren Couch,53,Loren@mail.com
EllaGrace Bate,47,EllaGrace@mail.com
Neha Pugh,66,Neha@mail.com
Mccauley Fraser,19,Mccauley@mail.com
Darla Frye,69,Darla@mail.com
Stanislaw O,7,Stanislaw@mail.com'Gallagher
Emmeline Vo,9,Emmeline@mail.com
Teodor Dickson,87,Teodor@mail.com
Hadley Lin,15,Hadley@mail.com
Talhah Corona,78,Talhah@mail.com
Britany Ferry,47,Britany@mail.com
Terrence Guy,72,Terrence@mail.com
Tea Santos,57,Tea@mail.com
Alexandria Burch,61,Alexandria@mail.com
London Nicholls,55,London@mail.com
Judy Wall,5,Judy@mail.com
Lex Bowers,50,Lex@mail.com
Nolan Haas,46,Nolan@mail.com
AlfieLee Mays,23,AlfieLee@mail.com
Farrah Estrada,58,Farrah@mail.com
Leoni Hays,48,Leoni@mail.com
Kristian Cuevas,85,Kristian@mail.com
Dottie Nash,91,Dottie@mail.com
Pascal Morrow,32,Pascal@mail.com
Denzel Moreno,66,Denzel@mail.com
Isla Burke,6,Isla@mail.com
Alesha Vargas,28,Alesha@mail.com
Giles Shepard,87,Giles@mail.com
Mehmet Tyson,54,Mehmet@mail.com
Hashim Crowther,31,Hashim@mail.com
Jess Hume,8,Jess@mail.com
Konrad Payne,91,Konrad@mail.com
Atlanta Nielsen,87,Atlanta@mail.com
Prisha Rooney,48,Prisha@mail.com
Charley Hirst,14,Charley@mail.com
Isobel Farrington,44,Isobel@mail.com
Jena Lister,25,Jena@mail.com
Kamal Gentry,51,Kamal@mail.com
Carolina Bates,72,Carolina@mail.com
Sienna Mcnally,72,Sienna@mail.com
Arvin Alford,37,Arvin@mail.com
Daniel Nicholson,35,Daniel@mail.com
Finn Berry,40,Finn@mail.com
IslaGrace Burnett,18,IslaGrace@mail.com
Hibah Wiley,14,Hibah@mail.com
Maisha English,86,Maisha@mail.com
EllieLouise Whitney,78,EllieLouise@mail.com
Kerri Christie,30,Kerri@mail.com
Sheena Doyle,37,Sheena@mail.com
Charmaine Bradshaw,70,Charmaine@mail.com
Britney Powell,9,Britney@mail.com
Savannah Giles,52,Savannah@mail.com
Anabia Beasley,68,Anabia@mail.com
Kerys Kouma,13,Kerys@mail.com
Hassan Bradley,22,Hassan@mail.com
Eleanor Hayes,82,Eleanor@mail.com
Veronika Greer,19,Veronika@mail.com
Huzaifa Hills,53,Huzaifa@mail.com
Ceri Horner,15,Ceri@mail.com
Ayan Whitfield,3,Ayan@mail.com
Marisa Watson,61,Marisa@mail.com
Tamara Hicks,84,Tamara@mail.com
Sohaib Wells,69,Sohaib@mail.com
Alicja Milner,23,Alicja@mail.com
EllaLouise Kay,33,EllaLouise@mail.com
Natasha Cummings,77,Natasha@mail.com
Maliha Valencia,24,Maliha@mail.com
Madiha York,35,Madiha@mail.com
Reyansh Khan,27,Reyansh@mail.com
Adeline Pitt,74,Adeline@mail.com
Olive Rawlings,100,Olive@mail.com
Masuma Gardner,37,Masuma@mail.com
Angelina Bassett,23,Angelina@mail.com
Efe Watkins,6,Efe@mail.com
Angelo Oliver,99,Angelo@mail.com
Kaisha Hough,34,Kaisha@mail.com
Diane Carey,65,Diane@mail.com
Keane Keller,63,Keane@mail.com
Simona Mcknight,63,Simona@mail.com
Keegan Blanchard,77,Keegan@mail.com
Robin Bright,20,Robin@mail.com
Nathalie Stafford,99,Nathalie@mail.com
Rae Roberson,11,Rae@mail.com
Tiffany Bowen,88,Tiffany@mail.com
Sanjay Howe,63,Sanjay@mail.com
Sadiyah Frank,31,Sadiyah@mail.com
Caius Bernard,28,Caius@mail.com
Arjun Simon,66,Arjun@mail.com
Zahrah Whitehead,64,Zahrah@mail.com
Arnie Manning,67,Arnie@mail.com
Teodor Petty,69,Teodor@mail.com
Ho Woodley,39,Ho@mail.com
Hallie Dunn,49,Hallie@mail.com
Korey Eastwood,42,Korey@mail.com
Julius Burn,50,Julius@mail.com
Mairead Middleton,72,Mairead@mail.com
Marilyn Wallace,79,Marilyn@mail.com
Michal Wills,16,Michal@mail.com
Leigha Goldsmith,9,Leigha@mail.com
Ifrah Grant,17,Ifrah@mail.com
Xin Medina,24,Xin@mail.com
Caitlyn Schmidt,65,Caitlyn@mail.com
Princess Cantu,74,Princess@mail.com
Jaden Becker,67,Jaden@mail.com
Clay Mcdougall,83,Clay@mail.com
Jia Jeffery,92,Jia@mail.com
Asa Keith,76,Asa@mail.com
Marianna Peacock,37,Marianna@mail.com
Salahuddin Martinez,80,Salahuddin@mail.com
Vihaan Noble,77,Vihaan@mail.com
Uzair Casey,87,Uzair@mail.com
Akaash Kelley,34,Akaash@mail.com
Vanessa Wilson,78,Vanessa@mail.com
Zayd Boyle,42,Zayd@mail.com
Aisha Quinn,38,Aisha@mail.com
Reid Stephenson,71,Reid@mail.com
Marnie Preston,90,Marnie@mail.com
Xin Hogg,50,Xin@mail.com
Jed Herring,78,Jed@mail.com
Lucca Buckner,13,Lucca@mail.com
Aneurin Marin,63,Aneurin@mail.com
Garry Nieves,22,Garry@mail.com
Kenya Couch,50,Kenya@mail.com
Malik Berger,26,Malik@mail.com
Elysia Randall,34,Elysia@mail.com
Deborah Ibarra,4,Deborah@mail.com
Arfa Horn,75,Arfa@mail.com
Korban Pearson,99,Korban@mail.com
Mary Church,30,Mary@mail.com
Libbi Moss,57,Libbi@mail.com
Ivo Wicks,86,Ivo@mail.com
Bertram Thomas,44,Bertram@mail.com
Stephan Justice,71,Stephan@mail.com
Subhaan Pace,18,Subhaan@mail.com
Zara Cortes,61,Zara@mail.com
Youssef Boyer,2,Youssef@mail.com
Caspian Arellano,21,Caspian@mail.com
Bobby Harmon,2,Bobby@mail.com
Allegra Lester,15,Allegra@mail.com
Tyreke Davie,16,Tyreke@mail.com
Tamanna Alford,16,Tamanna@mail.com
Rupert Walsh,8,Rupert@mail.com
Natalya Hewitt,33,Natalya@mail.com
Emile Stone,100,Emile@mail.com
Gareth Leigh,32,Gareth@mail.com
Callan Patel,23,Callan@mail.com
Zidan Swan,44,Zidan@mail.com
AmberRose Booth,3,AmberRose@mail.com
Yisroel Mackenzie,51,Yisroel@mail.com
Misbah Estes,6,Misbah@mail.com
Cassia Beech,16,Cassia@mail.com
Nikkita Gentry,19,Nikkita@mail.com
Taliyah Harrington,2,Taliyah@mail.com
Cayden Riley,1,Cayden@mail.com
Collette Clifford,23,Collette@mail.com
Craig Reeve,34,Craig@mail.com
Levi O,52,Levi@mail.com'Neill
Mica Love,65,Mica@mail.com
Soren Howell,48,Soren@mail.com
Cole Reid,64,Cole@mail.com
Bryn Rossi,65,Bryn@mail.com
Sophie Brock,50,Sophie@mail.com
Derrick Browning,30,Derrick@mail.com
LilyMai Hoover,3,LilyMai@mail.com
Jazmine Moreno,27,Jazmine@mail.com
Archie Hutchinson,99,Archie@mail.com
Gus Madden,44,Gus@mail.com
Rhonda Roberts,59,Rhonda@mail.com
Sachin Lucas,12,Sachin@mail.com
Coco Peel,33,Coco@mail.com
Mai Mcfadden,89,Mai@mail.com
Mindy Mills,24,Mindy@mail.com
Matthias Frost,9,Matthias@mail.com
Sommer Horne,28,Sommer@mail.com
Abdul Lozano,5,Abdul@mail.com
Mark Irwin,40,Mark@mail.com
Ayyan Livingston,40,Ayyan@mail.com
Eleanor Keenan,28,Eleanor@mail.com
Cathy Pruitt,55,Cathy@mail.com
Cruz Stein,14,Cruz@mail.com
Shahid Roman,25,Shahid@mail.com
Rosemarie Medrano,50,Rosemarie@mail.com
Adele Flower,30,Adele@mail.com
Mahek Whittaker,35,Mahek@mail.com
Jenny Winter,49,Jenny@mail.com
Greg Weiss,21,Greg@mail.com
Roisin Pittman,62,Roisin@mail.com
Duane Callahan,5,Duane@mail.com
Darrell Maldonado,1,Darrell@mail.com
Lina Copeland,9,Lina@mail.com
Amit Brookes,40,Amit@mail.com
Reginald Valenzuela,60,Reginald@mail.com
Aaminah Macfarlane,92,Aaminah@mail.com
Kishan Fulton,67,Kishan@mail.com
Rhyley Dougherty,82,Rhyley@mail.com
Hammad Wong,73,Hammad@mail.com
Safah Lam,69,Safah@mail.com
Daisy Rogers,11,Daisy@mail.com
Layton Castillo,83,Layton@mail.com
Eliott Blevins,4,Eliott@mail.com
Cara Herman,1,Cara@mail.com
Leo Newton,57,Leo@mail.com
Keziah Cross,40,Keziah@mail.com
Roan Hurley,19,Roan@mail.com
Jodi Wyatt,28,Jodi@mail.com
Osama Marriott,19,Osama@mail.com
Trey Wharton,13,Trey@mail.com
Lexie Friedman,78,Lexie@mail.com
Lillia Kaiser,35,Lillia@mail.com
Sofia Forster,13,Sofia@mail.com
Lainey Whitaker,81,Lainey@mail.com
Samina Lees,94,Samina@mail.com
Ottilie Tate,31,Ottilie@mail.com
Tiegan Lyon,54,Tiegan@mail.com
Lemar Holcomb,10,Lemar@mail.com
Rhea Hodgson,99,Rhea@mail.com
Alessandro Jensen,56,Alessandro@mail.com
Tymoteusz Pittman,47,Tymoteusz@mail.com
Daanyal Keller,71,Daanyal@mail.com
Bobbi Cervantes,75,Bobbi@mail.com
Kelsey Davie,98,Kelsey@mail.com
Neve Weston,26,Neve@mail.com
Clementine Velazquez,80,Clementine@mail.com
Kurtis Kaiser,72,Kurtis@mail.com
Jaye Gale,60,Jaye@mail.com
Leila Prentice,61,Leila@mail.com
Patrick Hoover,99,Patrick@mail.com
Azeem Mac,46,Azeem@mail.com
Carys Greer,98,Carys@mail.com
Tegan Yu,99,Tegan@mail.com
Saima Casey,40,Saima@mail.com
Anabella Mckinney,56,Anabella@mail.com
Matthias Bate,54,Matthias@mail.com
Codie Stanton,87,Codie@mail.com
Anabelle Barrett,42,Anabelle@mail.com
Omer Cordova,33,Omer@mail.com
Caitlan Mckenzie,84,Caitlan@mail.com
Conor Lowery,67,Conor@mail.com
Enzo Ventura,20,Enzo@mail.com
Dylan Hayes,56,Dylan@mail.com
Kamron Thorpe,11,Kamron@mail.com
Jevan Glenn,78,Jevan@mail.com
MillieMae Blair,71,MillieMae@mail.com
Zarah Roman,52,Zarah@mail.com
Imran Smyth,15,Imran@mail.com
Rajveer Patton,12,Rajveer@mail.com
Johnathon Mcdaniel,86,Johnathon@mail.com
Yvonne Gunn,72,Yvonne@mail.com
Haydn Glover,39,Haydn@mail.com
Scarlett Whitworth,3,Scarlett@mail.com
Aliesha Weber,50,Aliesha@mail.com
Keith Walter,38,Keith@mail.com
Abdurrahman Valentine,69,Abdurrahman@mail.com
Karol Charles,89,Karol@mail.com
Saeed Fernandez,87,Saeed@mail.com
Allana Jacobs,41,Allana@mail.com
Syeda Estes,100,Syeda@mail.com
Shaun Mcdougall,57,Shaun@mail.com
Omari Barrera,82,Omari@mail.com
Rohit Bassett,38,Rohit@mail.com
Ellena Atkinson,17,Ellena@mail.com
Jermaine Herman,84,Jermaine@mail.com
Kimberley Quinn,27,Kimberley@mail.com
Callie Sullivan,75,Callie@mail.com
Frederick Duke,25,Frederick@mail.com
Hadi Ellis,21,Hadi@mail.com
Rhona Ali,2,Rhona@mail.com
Riley Bowler,17,Riley@mail.com
Rikesh Pace,26,Rikesh@mail.com
Kyla Hartman,11,Kyla@mail.com
Niall Rennie,79,Niall@mail.com
Harri Parker,26,Harri@mail.com
Tillie Bush,42,Tillie@mail.com
Nihal Duggan,38,Nihal@mail.com
Kajal Friedman,65,Kajal@mail.com
Domas Hartley,16,Domas@mail.com
Jimmy Rhodes,28,Jimmy@mail.com
Talhah Carver,62,Talhah@mail.com
Huma Bullock,54,Huma@mail.com
Tiana Sparks,71,Tiana@mail.com
Henri Valenzuela,77,Henri@mail.com
Floyd Shelton,87,Floyd@mail.com
Eesha Dawe,95,Eesha@mail.com
Coco Cain,25,Coco@mail.com
Mari Scott,100,Mari@mail.com
Ramone Dolan,93,Ramone@mail.com
Grover Atherton,37,Grover@mail.com
Ayrton Fritz,75,Ayrton@mail.com
Nikhil Sharples,7,Nikhil@mail.com
Alexis Raymond,17,Alexis@mail.com
Yusef Sutherland,65,Yusef@mail.com
Emilija Wicks,82,Emilija@mail.com
Tracy Flynn,27,Tracy@mail.com
Avi Bannister,9,Avi@mail.com
Mathilda Cameron,11,Mathilda@mail.com
Aaran Driscoll,73,Aaran@mail.com
Kelly Swift,44,Kelly@mail.com
Madeleine Mellor,53,Madeleine@mail.com
Tamera Browning,44,Tamera@mail.com
Elvis Garrison,4,Elvis@mail.com
Sebastian Beil,20,Sebastian@mail.com
Khloe Boyd,87,Khloe@mail.com
GracieMay Campos,29,GracieMay@mail.com
Orson Chaney,28,Orson@mail.com
Siyana Wilkerson,22,Siyana@mail.com
Antony Carroll,80,Antony@mail.com
Lacy Castro,51,Lacy@mail.com
Aniqa Devlin,72,Aniqa@mail.com
Iestyn Snider,52,Iestyn@mail.com
Nala Alcock,52,Nala@mail.com
Dev Dejesus,26,Dev@mail.com
Mohamad Correa,15,Mohamad@mail.com
Saira Santos,58,Saira@mail.com
Adem Neale,67,Adem@mail.com
Dannielle Mcarthur,34,Dannielle@mail.com
Iwan Fountain,14,Iwan@mail.com
Eryk Hamilton,54,Eryk@mail.com
Jena Meyer,33,Jena@mail.com
Osian Bird,55,Osian@mail.com
Lucian Ramsey,67,Lucian@mail.com
Chanice Butt,97,Chanice@mail.com
Izabel Flores,30,Izabel@mail.com
Madelyn Allison,65,Madelyn@mail.com
Osama Sharp,30,Osama@mail.com
Stefanie Buckner,39,Stefanie@mail.com
Darrell Woodward,45,Darrell@mail.com
Diego Ali,21,Diego@mail.com
Simrah Lyons,9,Simrah@mail.com
Uma Cunningham,43,Uma@mail.com
Sahra Cabrera,70,Sahra@mail.com
Sue Monaghan,28,Sue@mail.com
Arlo Chapman,94,Arlo@mail.com
Frida Phan,14,Frida@mail.com
Jac Palacios,29,Jac@mail.com
Aneeka Vang,39,Aneeka@mail.com
Alicja Sanchez,27,Alicja@mail.com
Kaison Dawe,89,Kaison@mail.com
Opal Howard,70,Opal@mail.com
Andy Soto,53,Andy@mail.com
Jacqueline Chung,51,Jacqueline@mail.com
Madiha Lamb,29,Madiha@mail.com
Edan Mcneil,50,Edan@mail.com
Aydin Simons,37,Aydin@mail.com
Woodrow Andrew,62,Woodrow@mail.com
Hassan Wagner,85,Hassan@mail.com
Shiloh Wheeler,21,Shiloh@mail.com
Jacque Andrade,39,Jacque@mail.com
Bo Greaves,33,Bo@mail.com
Emeli Wharton,48,Emeli@mail.com
Caprice Walter,79,Caprice@mail.com
Kris Kennedy,95,Kris@mail.com
Kyle Cameron,35,Kyle@mail.com
Ines Hutchings,30,Ines@mail.com
Mea Alvarez,71,Mea@mail.com
Rupert Douglas,60,Rupert@mail.com
Latisha Dotson,9,Latisha@mail.com
Oluwatobiloba Mckay,22,Oluwatobiloba@mail.com
Rudy Dominguez,61,Rudy@mail.com
Asmaa Burton,73,Asmaa@mail.com
Allen Walls,30,Allen@mail.com
Musa Russell,27,Musa@mail.com
Molly Schaefer,69,Molly@mail.com
Janae Scott,96,Janae@mail.com
Lester Barton,39,Lester@mail.com
Carwyn Strickland,66,Carwyn@mail.com
Kaeden Hancock,92,Kaeden@mail.com
Sacha Hagan,72,Sacha@mail.com
Moesha Crawford,20,Moesha@mail.com
Stuart Mohamed,66,Stuart@mail.com
Tommie Bender,34,Tommie@mail.com
Ali Whyte,63,Ali@mail.com
Lynden Hail,51,Lynden@mail.com
Harun Glenn,24,Harun@mail.com
Nelly Lucas,72,Nelly@mail.com
JaydenLee Squires,91,JaydenLee@mail.com
Chantel Weston,66,Chantel@mail.com
Colm Carty,97,Colm@mail.com
Charley Booth,85,Charley@mail.com
Orlaith Green,37,Orlaith@mail.com
Brenda Villa,79,Brenda@mail.com
Flora Callahan,80,Flora@mail.com
Ashlyn Singh,93,Ashlyn@mail.com
Ariyan Parks,89,Ariyan@mail.com
Rahul Byrne,97,Rahul@mail.com
AbdurRahman Plummer,56,AbdurRahman@mail.com
Kirsten Oakley,75,Kirsten@mail.com
Darragh Frey,74,Darragh@mail.com
Amos Higgs,50,Amos@mail.com
Lacie Field,36,Lacie@mail.com
Lawrence Benson,29,Lawrence@mail.com
Abid Swanson,65,Abid@mail.com
Flynn Albert,75,Flynn@mail.com
Mikolaj Talley,73,Mikolaj@mail.com
Ruairidh Harrington,34,Ruairidh@mail.com
Hakim Rice,19,Hakim@mail.com
Brenden Macias,37,Brenden@mail.com
Rueben Leblanc,88,Rueben@mail.com
Cameron Osborne,29,Cameron@mail.com
Rodney O,26,Rodney@mail.com'Sullivan
Safiyyah Hogan,73,Safiyyah@mail.com
Francis Patton,62,Francis@mail.com
Lavinia Guevara,60,Lavinia@mail.com
Gideon Thatcher,6,Gideon@mail.com
Leopold Rigby,60,Leopold@mail.com
Michele Mcconnell,69,Michele@mail.com
Hisham Fenton,48,Hisham@mail.com
Marcie Harper,72,Marcie@mail.com
Franky Jenkins,26,Franky@mail.com
Jake Nguyen,29,Jake@mail.com
Chelsie York,41,Chelsie@mail.com
SummerRose Luna,54,SummerRose@mail.com